{"smartphones_list":{"name":"smartphones_list","type":"Product","isList":false,"owner":"Main","dataSet":{"dataValue":""},"dataBinding":{"imgUrl":"","id":"","category":"Smart Phones","price":"","description":"","name":"","itemorders":"","availability":""},"saveInPhonegap":false,"operation":"read","liveSource":"eshopping","firstRow":0,"maxResults":3,"designMaxResults":3,"ignoreCase":false,"matchMode":"start","autoUpdate":true,"startUpdate":true,"filterFields":{},"category":"wm.LiveVariable","_id":"wm-wm.LiveVariable1394790930751","package":"com.eshopping.data.Product","propertiesMap":{"columns":[{"propertyName":"IMG_URL","type":"string","fullyQualifiedType":"string","columnName":"imgUrl","isPrimaryKey":false,"notNull":"true","length":"null","precision":"null","generator":null,"isRelated":false},{"propertyName":"ID","type":"integer","fullyQualifiedType":"integer","columnName":"id","isPrimaryKey":true,"notNull":"true","length":"null","precision":"null","generator":"identity","isRelated":false},{"propertyName":"CATEGORY","type":"string","fullyQualifiedType":"string","columnName":"category","isPrimaryKey":false,"notNull":"true","length":"null","precision":"null","generator":null,"isRelated":false},{"propertyName":"PRICE","type":"double","fullyQualifiedType":"double","columnName":"price","isPrimaryKey":false,"notNull":"true","length":"null","precision":"null","generator":null,"isRelated":false},{"propertyName":"DESCRIPTION","type":"string","fullyQualifiedType":"string","columnName":"description","isPrimaryKey":false,"notNull":"true","length":"null","precision":"null","generator":null,"isRelated":false},{"propertyName":"NAME","type":"string","fullyQualifiedType":"string","columnName":"name","isPrimaryKey":false,"notNull":"true","length":"null","precision":"null","generator":null,"isRelated":false},{"propertyName":"AVAILABILITY","type":"boolean","fullyQualifiedType":"boolean","columnName":"availability","isPrimaryKey":false,"notNull":"true","length":"null","precision":"null","generator":null,"isRelated":false}],"entityName":"Product","fullyQualifiedName":"com.eshopping.data.Product"}},"laptops_list":{"name":"laptops_list","type":"Product","isList":false,"owner":"Main","dataSet":{"dataValue":""},"dataBinding":{"imgUrl":"","id":"","category":"Laptops","price":"","description":"","name":"","itemorders":"","availability":""},"saveInPhonegap":false,"operation":"read","liveSource":"eshopping","firstRow":0,"maxResults":3,"designMaxResults":3,"ignoreCase":false,"matchMode":"start","autoUpdate":true,"startUpdate":true,"filterFields":{},"category":"wm.LiveVariable","_id":"wm-wm.LiveVariable1394790929941","package":"com.eshopping.data.Product","propertiesMap":{"columns":[{"propertyName":"IMG_URL","type":"string","fullyQualifiedType":"string","columnName":"imgUrl","isPrimaryKey":false,"notNull":"true","length":"null","precision":"null","generator":null,"isRelated":false},{"propertyName":"ID","type":"integer","fullyQualifiedType":"integer","columnName":"id","isPrimaryKey":true,"notNull":"true","length":"null","precision":"null","generator":"identity","isRelated":false},{"propertyName":"CATEGORY","type":"string","fullyQualifiedType":"string","columnName":"category","isPrimaryKey":false,"notNull":"true","length":"null","precision":"null","generator":null,"isRelated":false},{"propertyName":"PRICE","type":"double","fullyQualifiedType":"double","columnName":"price","isPrimaryKey":false,"notNull":"true","length":"null","precision":"null","generator":null,"isRelated":false},{"propertyName":"DESCRIPTION","type":"string","fullyQualifiedType":"string","columnName":"description","isPrimaryKey":false,"notNull":"true","length":"null","precision":"null","generator":null,"isRelated":false},{"propertyName":"NAME","type":"string","fullyQualifiedType":"string","columnName":"name","isPrimaryKey":false,"notNull":"true","length":"null","precision":"null","generator":null,"isRelated":false},{"propertyName":"AVAILABILITY","type":"boolean","fullyQualifiedType":"boolean","columnName":"availability","isPrimaryKey":false,"notNull":"true","length":"null","precision":"null","generator":null,"isRelated":false}],"entityName":"Product","fullyQualifiedName":"com.eshopping.data.Product"}},"cameras_list":{"name":"cameras_list","type":"Product","isList":false,"owner":"Main","dataSet":{"dataValue":""},"dataBinding":{"imgUrl":"","id":"","category":"Cameras","price":"","description":"","name":"","itemorders":"","availability":""},"saveInPhonegap":false,"operation":"read","liveSource":"eshopping","firstRow":0,"maxResults":3,"designMaxResults":3,"ignoreCase":false,"matchMode":"start","autoUpdate":true,"startUpdate":true,"filterFields":{},"category":"wm.LiveVariable","_id":"wm-wm.LiveVariable1394790930845","package":"com.eshopping.data.Product","propertiesMap":{"columns":[{"propertyName":"IMG_URL","type":"string","fullyQualifiedType":"string","columnName":"imgUrl","isPrimaryKey":false,"notNull":"true","length":"null","precision":"null","generator":null,"isRelated":false},{"propertyName":"ID","type":"integer","fullyQualifiedType":"integer","columnName":"id","isPrimaryKey":true,"notNull":"true","length":"null","precision":"null","generator":"identity","isRelated":false},{"propertyName":"CATEGORY","type":"string","fullyQualifiedType":"string","columnName":"category","isPrimaryKey":false,"notNull":"true","length":"null","precision":"null","generator":null,"isRelated":false},{"propertyName":"PRICE","type":"double","fullyQualifiedType":"double","columnName":"price","isPrimaryKey":false,"notNull":"true","length":"null","precision":"null","generator":null,"isRelated":false},{"propertyName":"DESCRIPTION","type":"string","fullyQualifiedType":"string","columnName":"description","isPrimaryKey":false,"notNull":"true","length":"null","precision":"null","generator":null,"isRelated":false},{"propertyName":"NAME","type":"string","fullyQualifiedType":"string","columnName":"name","isPrimaryKey":false,"notNull":"true","length":"null","precision":"null","generator":null,"isRelated":false},{"propertyName":"AVAILABILITY","type":"boolean","fullyQualifiedType":"boolean","columnName":"availability","isPrimaryKey":false,"notNull":"true","length":"null","precision":"null","generator":null,"isRelated":false}],"entityName":"Product","fullyQualifiedName":"com.eshopping.data.Product"}}}