<?xml version="1.0" encoding="UTF-8" standalone="yes"?>
<service xmlns="http://www.activegrid.com/namespaces/ServiceDefinitions/1.0" id="eshopping" class="com.eshopping.Eshopping" CRUDService="true" type="DataService" springFile="eshopping.spring.xml">
    <dataobjects>
        <dataobject javaType="com.eshopping.data.Itemorder" supportsQuickData="true">
            <element name="product" typeRef="com.eshopping.data.Product" isList="false" allowNull="false"/>
            <element name="id" typeRef="java.lang.Integer" isList="false" allowNull="false">
                <require>delete</require>
                <require>read</require>
                <require>update</require>
                <noChange>delete</noChange>
                <noChange>read</noChange>
                <noChange>update</noChange>
                <exclude>insert</exclude>
            </element>
            <element name="status" typeRef="java.lang.String" isList="false" allowNull="false"/>
            <element name="quantity" typeRef="java.lang.Integer" isList="false" allowNull="false"/>
            <element name="user" typeRef="com.eshopping.data.User" isList="false" allowNull="false"/>
        </dataobject>
        <dataobject javaType="com.eshopping.data.Product" supportsQuickData="true">
            <element name="imgUrl" typeRef="java.lang.String" isList="false" allowNull="false"/>
            <element name="id" typeRef="java.lang.Integer" isList="false" allowNull="false">
                <require>delete</require>
                <require>read</require>
                <require>update</require>
                <noChange>delete</noChange>
                <noChange>read</noChange>
                <noChange>update</noChange>
                <exclude>insert</exclude>
            </element>
            <element name="category" typeRef="java.lang.String" isList="false" allowNull="false"/>
            <element name="price" typeRef="java.lang.Double" isList="false" allowNull="false"/>
            <element name="description" typeRef="java.lang.String" isList="false" allowNull="false"/>
            <element name="name" typeRef="java.lang.String" isList="false" allowNull="false"/>
            <element name="itemorders" typeRef="com.eshopping.data.Itemorder" isList="true" allowNull="true"/>
            <element name="availability" typeRef="java.lang.Boolean" isList="false" allowNull="false"/>
        </dataobject>
        <dataobject javaType="com.eshopping.data.User" supportsQuickData="true">
            <element name="phone" typeRef="java.lang.Integer" isList="false" allowNull="false"/>
            <element name="street" typeRef="java.lang.String" isList="false" allowNull="false"/>
            <element name="state" typeRef="java.lang.String" isList="false" allowNull="false"/>
            <element name="productBought" typeRef="java.lang.String" isList="false" allowNull="false"/>
            <element name="password" typeRef="java.lang.String" isList="false" allowNull="false"/>
            <element name="itemorders" typeRef="com.eshopping.data.Itemorder" isList="true" allowNull="true"/>
            <element name="city" typeRef="java.lang.String" isList="false" allowNull="false"/>
            <element name="country" typeRef="java.lang.String" isList="false" allowNull="false"/>
            <element name="id" typeRef="java.lang.Integer" isList="false" allowNull="false">
                <require>delete</require>
                <require>read</require>
                <require>update</require>
                <noChange>delete</noChange>
                <noChange>read</noChange>
                <noChange>update</noChange>
                <exclude>insert</exclude>
            </element>
            <element name="houseNo" typeRef="java.lang.String" isList="false" allowNull="false"/>
            <element name="landmark" typeRef="java.lang.String" isList="false" allowNull="false"/>
            <element name="pin" typeRef="java.lang.String" isList="false" allowNull="false"/>
            <element name="email" typeRef="java.lang.String" isList="false" allowNull="false"/>
            <element name="name" typeRef="java.lang.String" isList="false" allowNull="false"/>
        </dataobject>
    </dataobjects>
</service>
