{"goToPage-Main":{"name":"goToPage-Main","owner":"App","operation":"gotoPage","pageName":"Main","category":"wm.NavigationVariable","_id":"wm-wm.NavigationVariable1389180517517"},"appName":{"name":"appName","type":"string","isList":false,"owner":"App","dataSet":{"dataValue":"eShop"},"dataBinding":{"dataValue":""},"saveInPhonegap":false,"category":"wm.Variable","_id":"wm-wm.Variable1394628717912"},"smartphones":{"name":"smartphones","type":"string","isList":false,"owner":"App","dataSet":{"dataValue":"Smart Phones"},"dataBinding":{"dataValue":""},"saveInPhonegap":false,"category":"wm.Variable","_id":"wm-wm.Variable1394628734419"},"cameras":{"name":"cameras","type":"string","isList":false,"owner":"App","dataSet":{"dataValue":"Cameras"},"dataBinding":{"dataValue":""},"saveInPhonegap":false,"category":"wm.Variable","_id":"wm-wm.Variable1394628748803"},"laptops":{"name":"laptops","type":"string","isList":false,"owner":"App","dataSet":{"dataValue":"Laptops"},"dataBinding":{"dataValue":""},"saveInPhonegap":false,"category":"wm.Variable","_id":"wm-wm.Variable1394628762814"},"peripherals":{"name":"peripherals","type":"string","isList":false,"owner":"App","dataSet":{"dataValue":"PERIPHERALS"},"dataBinding":{"dataValue":""},"saveInPhonegap":false,"category":"wm.Variable","_id":"wm-wm.Variable1394628782794"},"accessories":{"name":"accessories","type":"string","isList":false,"owner":"App","dataSet":{"dataValue":"ACCESSORIES"},"dataBinding":{"dataValue":""},"saveInPhonegap":false,"category":"wm.Variable","_id":"wm-wm.Variable1394628802040"},"goToPage-Category":{"name":"goToPage-Category","owner":"App","operation":"gotoPage","pageName":"Category","category":"wm.NavigationVariable","_id":"wm-wm.NavigationVariable1394629102518"},"goToPage-Cart":{"name":"goToPage-Cart","owner":"App","operation":"gotoPage","pageName":"Cart","category":"wm.NavigationVariable","_id":"wm-wm.NavigationVariable1394629124977"},"dashboardMenu":{"name":"dashboardMenu","type":"string","isList":false,"owner":"App","dataSet":{"dataValue":"DASHBOARD"},"dataBinding":{"dataValue":""},"saveInPhonegap":false,"category":"wm.Variable","_id":"wm-wm.Variable1394628833045"},"logoutMenu":{"name":"logoutMenu","type":"string","isList":false,"owner":"App","dataSet":{"dataValue":"LOGOUT"},"dataBinding":{"dataValue":""},"saveInPhonegap":false,"category":"wm.Variable","_id":"wm-wm.Variable1394628844856"},"products":{"name":"products","type":"Product","isList":false,"owner":"App","dataSet":{"dataValue":""},"dataBinding":{"imgUrl":"","id":"","category":"bind:Variables.selectedCategory.dataSet.dataValue","price":"","description":"","name":"","itemorders":"","availability":""},"saveInPhonegap":false,"operation":"read","liveSource":"eshopping","firstRow":0,"maxResults":null,"designMaxResults":null,"ignoreCase":false,"matchMode":"start","autoUpdate":true,"startUpdate":true,"filterFields":{},"category":"wm.LiveVariable","_id":"wm-wm.LiveVariable1395205652172","package":"com.eshopping.data.Product","propertiesMap":{"columns":[{"propertyName":"IMG_URL","type":"string","fullyQualifiedType":"string","columnName":"imgUrl","isPrimaryKey":false,"notNull":"true","length":"null","precision":"null","generator":null,"isRelated":false},{"propertyName":"ID","type":"integer","fullyQualifiedType":"integer","columnName":"id","isPrimaryKey":true,"notNull":"true","length":"null","precision":"null","generator":"identity","isRelated":false},{"propertyName":"CATEGORY","type":"string","fullyQualifiedType":"string","columnName":"category","isPrimaryKey":false,"notNull":"true","length":"null","precision":"null","generator":null,"isRelated":false},{"propertyName":"PRICE","type":"double","fullyQualifiedType":"double","columnName":"price","isPrimaryKey":false,"notNull":"true","length":"null","precision":"null","generator":null,"isRelated":false},{"propertyName":"DESCRIPTION","type":"string","fullyQualifiedType":"string","columnName":"description","isPrimaryKey":false,"notNull":"true","length":"null","precision":"null","generator":null,"isRelated":false},{"propertyName":"NAME","type":"string","fullyQualifiedType":"string","columnName":"name","isPrimaryKey":false,"notNull":"true","length":"null","precision":"null","generator":null,"isRelated":false},{"propertyName":"AVAILABILITY","type":"boolean","fullyQualifiedType":"boolean","columnName":"availability","isPrimaryKey":false,"notNull":"true","length":"null","precision":"null","generator":null,"isRelated":false}],"entityName":"Product","fullyQualifiedName":"com.eshopping.data.Product"}},"selectedCategory":{"name":"selectedCategory","type":"string","isList":false,"owner":"App","dataSet":{"dataValue":""},"dataBinding":{"dataValue":""},"saveInPhonegap":false,"category":"wm.Variable","_id":"wm-wm.Variable1394705098871"},"homeMenu":{"name":"homeMenu","type":"string","isList":false,"owner":"App","dataSet":{"dataValue":"HOME"},"dataBinding":{"dataValue":""},"saveInPhonegap":false,"category":"wm.Variable","_id":"wm-wm.Variable1394707823802"},"productCategories":{"name":"productCategories","type":"string","isList":true,"owner":"App","dataSet":[{"dataValue":"Smart Phones"},{"dataValue":"Cameras"},{"dataValue":"Laptops"},{"dataValue":"Peripherals"},{"dataValue":"Accessories"}],"dataBinding":{"dataValue":""},"saveInPhonegap":false,"category":"wm.Variable","_id":"wm-wm.Variable1394708188719"},"productsMenu":{"name":"productsMenu","type":"string","isList":false,"owner":"App","dataSet":{"dataValue":"PRODUCTS"},"dataBinding":{"dataValue":""},"saveInPhonegap":false,"category":"wm.Variable","_id":"wm-wm.Variable1394708895482"},"goToPage-Dashboard":{"name":"goToPage-Dashboard","owner":"App","operation":"gotoPage","pageName":"Dashboard","category":"wm.NavigationVariable","_id":"wm-wm.NavigationVariable1394787439370"},"billingAddress":{"name":"billingAddress","type":"string","isList":false,"owner":"App","dataSet":{"dataValue":"Billing & Shipping Address"},"dataBinding":{"dataValue":""},"saveInPhonegap":false,"category":"wm.Variable","_id":"wm-wm.Variable1394788284058"},"goToPage-Products":{"name":"goToPage-Products","owner":"App","operation":"gotoPage","pageName":"Products","category":"wm.NavigationVariable","_id":"wm-wm.NavigationVariable1394788273156"},"users":{"name":"users","type":"User","isList":false,"owner":"App","dataSet":{"dataValue":""},"dataBinding":{"phone":"","street":"","state":"","productBought":"","password":"","itemorders":"","city":"","country":"","id":"","houseNo":"","landmark":"","pin":"","email":"","name":""},"saveInPhonegap":false,"operation":"read","liveSource":"eshopping","firstRow":0,"maxResults":500,"designMaxResults":50,"ignoreCase":false,"matchMode":"start","autoUpdate":true,"startUpdate":true,"filterFields":{},"category":"wm.LiveVariable","_id":"wm-wm.LiveVariable1395205654936","package":"com.eshopping.data.User","propertiesMap":{"columns":[{"propertyName":"PHONE","type":"integer","fullyQualifiedType":"integer","columnName":"phone","isPrimaryKey":false,"notNull":"true","length":"null","precision":"null","generator":null,"isRelated":false},{"propertyName":"STREET","type":"string","fullyQualifiedType":"string","columnName":"street","isPrimaryKey":false,"notNull":"true","length":"null","precision":"null","generator":null,"isRelated":false},{"propertyName":"STATE","type":"string","fullyQualifiedType":"string","columnName":"state","isPrimaryKey":false,"notNull":"true","length":"null","precision":"null","generator":null,"isRelated":false},{"propertyName":"PRODUCT_BOUGHT","type":"string","fullyQualifiedType":"string","columnName":"productBought","isPrimaryKey":false,"notNull":"true","length":"null","precision":"null","generator":null,"isRelated":false},{"propertyName":"PASSWORD","type":"string","fullyQualifiedType":"string","columnName":"password","isPrimaryKey":false,"notNull":"true","length":"null","precision":"null","generator":null,"isRelated":false},{"propertyName":"CITY","type":"string","fullyQualifiedType":"string","columnName":"city","isPrimaryKey":false,"notNull":"true","length":"null","precision":"null","generator":null,"isRelated":false},{"propertyName":"COUNTRY","type":"string","fullyQualifiedType":"string","columnName":"country","isPrimaryKey":false,"notNull":"true","length":"null","precision":"null","generator":null,"isRelated":false},{"propertyName":"ID","type":"integer","fullyQualifiedType":"integer","columnName":"id","isPrimaryKey":true,"notNull":"true","length":"null","precision":"null","generator":"identity","isRelated":false},{"propertyName":"HOUSE_NO","type":"string","fullyQualifiedType":"string","columnName":"houseNo","isPrimaryKey":false,"notNull":"true","length":"null","precision":"null","generator":null,"isRelated":false},{"propertyName":"LANDMARK","type":"string","fullyQualifiedType":"string","columnName":"landmark","isPrimaryKey":false,"notNull":"true","length":"null","precision":"null","generator":null,"isRelated":false},{"propertyName":"PIN","type":"string","fullyQualifiedType":"string","columnName":"pin","isPrimaryKey":false,"notNull":"true","length":"null","precision":"null","generator":null,"isRelated":false},{"propertyName":"EMAIL","type":"string","fullyQualifiedType":"string","columnName":"email","isPrimaryKey":false,"notNull":"true","length":"null","precision":"null","generator":null,"isRelated":false},{"propertyName":"NAME","type":"string","fullyQualifiedType":"string","columnName":"name","isPrimaryKey":false,"notNull":"true","length":"null","precision":"null","generator":null,"isRelated":false}],"entityName":"User","fullyQualifiedName":"com.eshopping.data.User"}},"orders":{"name":"orders","type":"Itemorder","isList":false,"owner":"App","dataSet":{"dataValue":""},"dataBinding":{"product":"","id":"","status":"","user":""},"saveInPhonegap":false,"operation":"read","liveSource":"eshopping","firstRow":0,"maxResults":500,"designMaxResults":50,"ignoreCase":false,"matchMode":"start","autoUpdate":true,"startUpdate":true,"filterFields":{},"category":"wm.LiveVariable","_id":"wm-wm.LiveVariable1395205651822","package":"com.eshopping.data.Itemorder","properties":["product","user"],"relatedTables":[{"type":"Product","package":"com.eshopping.data.Product"},{"type":"User","package":"com.eshopping.data.User"}],"propertiesMap":{"columns":[{"propertyName":"product","type":"Product","fullyQualifiedType":"com.eshopping.data.Product","columnName":"product","relatedTableColumnName":"PRODUCT_ID","isRelated":true,"relatedTableName":"Product","columns":[{"propertyName":"IMG_URL","type":"string","fullyQualifiedType":"string","columnName":"imgUrl","isPrimaryKey":false,"notNull":"true","length":"null","precision":"null","generator":null,"isRelated":false},{"propertyName":"ID","type":"integer","fullyQualifiedType":"integer","columnName":"id","isPrimaryKey":true,"notNull":"true","length":"null","precision":"null","generator":"identity","isRelated":false},{"propertyName":"CATEGORY","type":"string","fullyQualifiedType":"string","columnName":"category","isPrimaryKey":false,"notNull":"true","length":"null","precision":"null","generator":null,"isRelated":false},{"propertyName":"PRICE","type":"double","fullyQualifiedType":"double","columnName":"price","isPrimaryKey":false,"notNull":"true","length":"null","precision":"null","generator":null,"isRelated":false},{"propertyName":"DESCRIPTION","type":"string","fullyQualifiedType":"string","columnName":"description","isPrimaryKey":false,"notNull":"true","length":"null","precision":"null","generator":null,"isRelated":false},{"propertyName":"NAME","type":"string","fullyQualifiedType":"string","columnName":"name","isPrimaryKey":false,"notNull":"true","length":"null","precision":"null","generator":null,"isRelated":false},{"propertyName":"AVAILABILITY","type":"boolean","fullyQualifiedType":"boolean","columnName":"availability","isPrimaryKey":false,"notNull":"true","length":"null","precision":"null","generator":null,"isRelated":false}],"isList":false},{"propertyName":"ID","type":"integer","fullyQualifiedType":"integer","columnName":"id","isPrimaryKey":true,"notNull":"true","length":"null","precision":"null","generator":"identity","isRelated":false},{"propertyName":"STATUS","type":"string","fullyQualifiedType":"string","columnName":"status","isPrimaryKey":false,"notNull":"true","length":"null","precision":"null","generator":null,"isRelated":false},{"propertyName":"user","type":"User","fullyQualifiedType":"com.eshopping.data.User","columnName":"user","relatedTableColumnName":"USER_ID","isRelated":true,"relatedTableName":"User","columns":[{"propertyName":"PHONE","type":"integer","fullyQualifiedType":"integer","columnName":"phone","isPrimaryKey":false,"notNull":"true","length":"null","precision":"null","generator":null,"isRelated":false},{"propertyName":"STREET","type":"string","fullyQualifiedType":"string","columnName":"street","isPrimaryKey":false,"notNull":"true","length":"null","precision":"null","generator":null,"isRelated":false},{"propertyName":"STATE","type":"string","fullyQualifiedType":"string","columnName":"state","isPrimaryKey":false,"notNull":"true","length":"null","precision":"null","generator":null,"isRelated":false},{"propertyName":"PRODUCT_BOUGHT","type":"string","fullyQualifiedType":"string","columnName":"productBought","isPrimaryKey":false,"notNull":"true","length":"null","precision":"null","generator":null,"isRelated":false},{"propertyName":"PASSWORD","type":"string","fullyQualifiedType":"string","columnName":"password","isPrimaryKey":false,"notNull":"true","length":"null","precision":"null","generator":null,"isRelated":false},{"propertyName":"CITY","type":"string","fullyQualifiedType":"string","columnName":"city","isPrimaryKey":false,"notNull":"true","length":"null","precision":"null","generator":null,"isRelated":false},{"propertyName":"COUNTRY","type":"string","fullyQualifiedType":"string","columnName":"country","isPrimaryKey":false,"notNull":"true","length":"null","precision":"null","generator":null,"isRelated":false},{"propertyName":"ID","type":"integer","fullyQualifiedType":"integer","columnName":"id","isPrimaryKey":true,"notNull":"true","length":"null","precision":"null","generator":"identity","isRelated":false},{"propertyName":"HOUSE_NO","type":"string","fullyQualifiedType":"string","columnName":"houseNo","isPrimaryKey":false,"notNull":"true","length":"null","precision":"null","generator":null,"isRelated":false},{"propertyName":"LANDMARK","type":"string","fullyQualifiedType":"string","columnName":"landmark","isPrimaryKey":false,"notNull":"true","length":"null","precision":"null","generator":null,"isRelated":false},{"propertyName":"PIN","type":"string","fullyQualifiedType":"string","columnName":"pin","isPrimaryKey":false,"notNull":"true","length":"null","precision":"null","generator":null,"isRelated":false},{"propertyName":"EMAIL","type":"string","fullyQualifiedType":"string","columnName":"email","isPrimaryKey":false,"notNull":"true","length":"null","precision":"null","generator":null,"isRelated":false},{"propertyName":"NAME","type":"string","fullyQualifiedType":"string","columnName":"name","isPrimaryKey":false,"notNull":"true","length":"null","precision":"null","generator":null,"isRelated":false}],"isList":false}],"entityName":"Itemorder","fullyQualifiedName":"com.eshopping.data.Itemorder"}},"currentUser":{"type":"string","isList":false,"owner":"App","dataSet":{"dataValue":""},"dataBinding":{"dataValue":""},"saveInPhonegap":false,"category":"wm.Variable","_id":"wm-wm.Variable1395146739194"}}