{"goToPage-Main":{"name":"goToPage-Main","owner":"App","operation":"gotoPage","pageName":"Main","category":"wm.NavigationVariable","_id":"wm-wm.NavigationVariable1389180517517"},"appName":{"name":"appName","type":"string","isList":false,"owner":"App","dataSet":{"dataValue":"eShop"},"dataBinding":{"dataValue":""},"saveInPhonegap":false,"category":"wm.Variable","_id":"wm-wm.Variable1394628717912"},"smartphones":{"name":"smartphones","type":"string","isList":false,"owner":"App","dataSet":{"dataValue":"Smart Phones"},"dataBinding":{"dataValue":""},"saveInPhonegap":false,"category":"wm.Variable","_id":"wm-wm.Variable1394628734419"},"cameras":{"name":"cameras","type":"string","isList":false,"owner":"App","dataSet":{"dataValue":"Cameras"},"dataBinding":{"dataValue":""},"saveInPhonegap":false,"category":"wm.Variable","_id":"wm-wm.Variable1394628748803"},"laptops":{"name":"laptops","type":"string","isList":false,"owner":"App","dataSet":{"dataValue":"Laptops"},"dataBinding":{"dataValue":""},"saveInPhonegap":false,"category":"wm.Variable","_id":"wm-wm.Variable1394628762814"},"peripherals":{"name":"peripherals","type":"string","isList":false,"owner":"App","dataSet":{"dataValue":"PERIPHERALS"},"dataBinding":{"dataValue":""},"saveInPhonegap":false,"category":"wm.Variable","_id":"wm-wm.Variable1394628782794"},"accessories":{"name":"accessories","type":"string","isList":false,"owner":"App","dataSet":{"dataValue":"ACCESSORIES"},"dataBinding":{"dataValue":""},"saveInPhonegap":false,"category":"wm.Variable","_id":"wm-wm.Variable1394628802040"},"goToPage-Category":{"name":"goToPage-Category","owner":"App","operation":"gotoPage","pageName":"Category","category":"wm.NavigationVariable","_id":"wm-wm.NavigationVariable1394629102518"},"goToPage-Product":{"name":"goToPage-Product","owner":"App","operation":"gotoPage","pageName":"Product","category":"wm.NavigationVariable","_id":"wm-wm.NavigationVariable1394629117056"},"goToPage-Cart":{"name":"goToPage-Cart","owner":"App","operation":"gotoPage","pageName":"Cart","category":"wm.NavigationVariable","_id":"wm-wm.NavigationVariable1394629124977"},"dashboardMenu":{"name":"dashboardMenu","type":"string","isList":false,"owner":"App","dataSet":{"dataValue":"DASHBOARD"},"dataBinding":{"dataValue":""},"saveInPhonegap":false,"category":"wm.Variable","_id":"wm-wm.Variable1394628833045"},"logoutMenu":{"name":"logoutMenu","type":"string","isList":false,"owner":"App","dataSet":{"dataValue":"LOGOUT"},"dataBinding":{"dataValue":""},"saveInPhonegap":false,"category":"wm.Variable","_id":"wm-wm.Variable1394628844856"},"products":{"name":"products","type":"Product","isList":false,"owner":"App","dataSet":{"dataValue":""},"dataBinding":{"imgUrl":"","id":"","category":"","price":"","description":"","name":"","itemorders":"","availability":""},"saveInPhonegap":false,"operation":"read","liveSource":"eshopping","firstRow":0,"maxResults":10,"designMaxResults":10,"ignoreCase":false,"matchMode":"start","autoUpdate":true,"startUpdate":true,"filterFields":{},"category":"wm.LiveVariable","_id":"wm-wm.LiveVariable1394776143477","package":"com.eshopping.data.Product","propertiesMap":{"columns":[{"propertyName":"IMG_URL","type":"string","fullyQualifiedType":"string","columnName":"imgUrl","isPrimaryKey":false,"notNull":"true","length":"null","precision":"null","generator":null,"isRelated":false},{"propertyName":"ID","type":"integer","fullyQualifiedType":"integer","columnName":"id","isPrimaryKey":true,"notNull":"true","length":"null","precision":"null","generator":"identity","isRelated":false},{"propertyName":"CATEGORY","type":"string","fullyQualifiedType":"string","columnName":"category","isPrimaryKey":false,"notNull":"true","length":"null","precision":"null","generator":null,"isRelated":false},{"propertyName":"PRICE","type":"double","fullyQualifiedType":"double","columnName":"price","isPrimaryKey":false,"notNull":"true","length":"null","precision":"null","generator":null,"isRelated":false},{"propertyName":"DESCRIPTION","type":"string","fullyQualifiedType":"string","columnName":"description","isPrimaryKey":false,"notNull":"true","length":"null","precision":"null","generator":null,"isRelated":false},{"propertyName":"NAME","type":"string","fullyQualifiedType":"string","columnName":"name","isPrimaryKey":false,"notNull":"true","length":"null","precision":"null","generator":null,"isRelated":false},{"propertyName":"AVAILABILITY","type":"boolean","fullyQualifiedType":"boolean","columnName":"availability","isPrimaryKey":false,"notNull":"true","length":"null","precision":"null","generator":null,"isRelated":false}],"entityName":"Product","fullyQualifiedName":"com.eshopping.data.Product"}},"selectedCategory":{"name":"selectedCategory","type":"string","isList":false,"owner":"App","dataSet":{"dataValue":""},"dataBinding":{"dataValue":""},"saveInPhonegap":false,"category":"wm.Variable","_id":"wm-wm.Variable1394705098871"},"homeMenu":{"name":"homeMenu","type":"string","isList":false,"owner":"App","dataSet":{"dataValue":"HOME"},"dataBinding":{"dataValue":""},"saveInPhonegap":false,"category":"wm.Variable","_id":"wm-wm.Variable1394707823802"},"productCategories":{"name":"productCategories","type":"string","isList":true,"owner":"App","dataSet":[{"dataValue":"Smart Phones"},{"dataValue":"Cameras"},{"dataValue":"Laptops"},{"dataValue":"Peripherals"},{"dataValue":"Accessories"}],"dataBinding":{"dataValue":""},"saveInPhonegap":false,"category":"wm.Variable","_id":"wm-wm.Variable1394708188719"},"productsMenu":{"name":"productsMenu","type":"string","isList":false,"owner":"App","dataSet":{"dataValue":"PRODUCTS"},"dataBinding":{"dataValue":""},"saveInPhonegap":false,"category":"wm.Variable","_id":"wm-wm.Variable1394708895482"}}