{"cartOrders":{"name":"cartOrders","type":"Itemorder","isList":false,"owner":"Cart","dataSet":{"dataValue":""},"dataBinding":{"product":"","id":"","status":"In Cart","quantity":"","user":"bind:Variables.currentUser.dataSet"},"saveInPhonegap":false,"operation":"read","liveSource":"eshopping","firstRow":0,"maxResults":500,"designMaxResults":50,"ignoreCase":false,"matchMode":"start","autoUpdate":true,"startUpdate":true,"filterFields":{},"category":"wm.LiveVariable","_id":"wm-wm.LiveVariable1395213179953","package":"com.eshopping.data.Itemorder","properties":["product","user"],"relatedTables":[{"type":"Product","package":"com.eshopping.data.Product"},{"type":"User","package":"com.eshopping.data.User"}],"propertiesMap":{"columns":[{"propertyName":"product","type":"Product","fullyQualifiedType":"com.eshopping.data.Product","columnName":"product","relatedTableColumnName":"PRODUCT_ID","isRelated":true,"relatedTableName":"Product","columns":[{"propertyName":"IMG_URL","type":"string","fullyQualifiedType":"string","columnName":"imgUrl","isPrimaryKey":false,"notNull":"true","length":"null","precision":"null","generator":null,"isRelated":false},{"propertyName":"ID","type":"integer","fullyQualifiedType":"integer","columnName":"id","isPrimaryKey":true,"notNull":"true","length":"null","precision":"null","generator":"identity","isRelated":false},{"propertyName":"CATEGORY","type":"string","fullyQualifiedType":"string","columnName":"category","isPrimaryKey":false,"notNull":"true","length":"null","precision":"null","generator":null,"isRelated":false},{"propertyName":"PRICE","type":"double","fullyQualifiedType":"double","columnName":"price","isPrimaryKey":false,"notNull":"true","length":"null","precision":"null","generator":null,"isRelated":false},{"propertyName":"DESCRIPTION","type":"string","fullyQualifiedType":"string","columnName":"description","isPrimaryKey":false,"notNull":"true","length":"null","precision":"null","generator":null,"isRelated":false},{"propertyName":"NAME","type":"string","fullyQualifiedType":"string","columnName":"name","isPrimaryKey":false,"notNull":"true","length":"null","precision":"null","generator":null,"isRelated":false},{"propertyName":"AVAILABILITY","type":"boolean","fullyQualifiedType":"boolean","columnName":"availability","isPrimaryKey":false,"notNull":"true","length":"null","precision":"null","generator":null,"isRelated":false}],"isList":false},{"propertyName":"ID","type":"integer","fullyQualifiedType":"integer","columnName":"id","isPrimaryKey":true,"notNull":"true","length":"null","precision":"null","generator":"identity","isRelated":false},{"propertyName":"STATUS","type":"string","fullyQualifiedType":"string","columnName":"status","isPrimaryKey":false,"notNull":"true","length":"null","precision":"null","generator":null,"isRelated":false},{"propertyName":"QUANTITY","type":"integer","fullyQualifiedType":"integer","columnName":"quantity","isPrimaryKey":false,"notNull":"true","length":"null","precision":"null","generator":null,"isRelated":false},{"propertyName":"user","type":"User","fullyQualifiedType":"com.eshopping.data.User","columnName":"user","relatedTableColumnName":"USER_ID","isRelated":true,"relatedTableName":"User","columns":[{"propertyName":"PHONE","type":"integer","fullyQualifiedType":"integer","columnName":"phone","isPrimaryKey":false,"notNull":"true","length":"null","precision":"null","generator":null,"isRelated":false},{"propertyName":"STREET","type":"string","fullyQualifiedType":"string","columnName":"street","isPrimaryKey":false,"notNull":"true","length":"null","precision":"null","generator":null,"isRelated":false},{"propertyName":"STATE","type":"string","fullyQualifiedType":"string","columnName":"state","isPrimaryKey":false,"notNull":"true","length":"null","precision":"null","generator":null,"isRelated":false},{"propertyName":"PRODUCT_BOUGHT","type":"string","fullyQualifiedType":"string","columnName":"productBought","isPrimaryKey":false,"notNull":"true","length":"null","precision":"null","generator":null,"isRelated":false},{"propertyName":"PASSWORD","type":"string","fullyQualifiedType":"string","columnName":"password","isPrimaryKey":false,"notNull":"true","length":"null","precision":"null","generator":null,"isRelated":false},{"propertyName":"CITY","type":"string","fullyQualifiedType":"string","columnName":"city","isPrimaryKey":false,"notNull":"true","length":"null","precision":"null","generator":null,"isRelated":false},{"propertyName":"COUNTRY","type":"string","fullyQualifiedType":"string","columnName":"country","isPrimaryKey":false,"notNull":"true","length":"null","precision":"null","generator":null,"isRelated":false},{"propertyName":"ID","type":"integer","fullyQualifiedType":"integer","columnName":"id","isPrimaryKey":true,"notNull":"true","length":"null","precision":"null","generator":"identity","isRelated":false},{"propertyName":"HOUSE_NO","type":"string","fullyQualifiedType":"string","columnName":"houseNo","isPrimaryKey":false,"notNull":"true","length":"null","precision":"null","generator":null,"isRelated":false},{"propertyName":"LANDMARK","type":"string","fullyQualifiedType":"string","columnName":"landmark","isPrimaryKey":false,"notNull":"true","length":"null","precision":"null","generator":null,"isRelated":false},{"propertyName":"PIN","type":"string","fullyQualifiedType":"string","columnName":"pin","isPrimaryKey":false,"notNull":"true","length":"null","precision":"null","generator":null,"isRelated":false},{"propertyName":"EMAIL","type":"string","fullyQualifiedType":"string","columnName":"email","isPrimaryKey":false,"notNull":"true","length":"null","precision":"null","generator":null,"isRelated":false},{"propertyName":"NAME","type":"string","fullyQualifiedType":"string","columnName":"name","isPrimaryKey":false,"notNull":"true","length":"null","precision":"null","generator":null,"isRelated":false}],"isList":false}],"entityName":"Itemorder","fullyQualifiedName":"com.eshopping.data.Itemorder"}}}