<!DOCTYPE hibernate-mapping PUBLIC "-//Hibernate/Hibernate Mapping DTD 3.0//EN" "http://hibernate.sourceforge.net/hibernate-mapping-3.0.dtd">
<hibernate-mapping>
    <class name="com.eshopping.data.Itemorder" table="ITEMORDER" schema="PUBLIC" dynamic-insert="false" dynamic-update="false">
        <id name="id" type="integer">
            <column name="ID"/>
            <generator class="identity"/>
        </id>
        <property name="status" type="string">
            <column name="STATUS" not-null="true"/>
        </property>
        <many-to-one name="product" class="com.eshopping.data.Product">
            <column name="PRODUCT_ID" not-null="true"/>
        </many-to-one>
        <many-to-one name="user" class="com.eshopping.data.User">
            <column name="USER_ID" not-null="true"/>
        </many-to-one>
    </class>
</hibernate-mapping>